"","x"
"1","P4040658.JPG"
"2","P4040659.JPG"
"3","P4040660.JPG"
"4","P4040661.JPG"
"5","P4040662.JPG"
"6","P4040663.JPG"
"7","P4040664.JPG"
"8","P4040665.JPG"
"9","P4040666.JPG"
"10","P4040667.JPG"
"11","P4040668.JPG"
"12","P4040669.JPG"
"13","P4040670.JPG"
"14","P4040671.JPG"
"15","P4040672.JPG"
"16","P4040673.JPG"
"17","P4040674.JPG"
"18","P4040675.JPG"
"19","P4040676.JPG"
"20","P4040677.JPG"
"21","P4040678.JPG"
"22","P4040679.JPG"
"23","P4040680.JPG"
"24","P4040681.JPG"
"25","P4040682.JPG"
"26","P4040683.JPG"
"27","P4040684.JPG"
"28","P4040685.JPG"
"29","P4040686.JPG"
"30","P4040687.JPG"
"31","P4040688.JPG"
"32","P4040689.JPG"
"33","P4040690.JPG"
"34","P4040691.JPG"
"35","P4040692.JPG"
"36","P4040693.JPG"
"37","P4040694.JPG"
"38","P4040695.JPG"
"39","P4040696.JPG"
"40","P4040697.JPG"
"41","P4040698.JPG"
"42","P4040699.JPG"
"43","P4040700.JPG"
"44","P4040701.JPG"
"45","P4040702.JPG"
"46","P4040703.JPG"
"47","P4040704.JPG"
"48","P4040705.JPG"
"49","P4040706.JPG"
"50","P4040707.JPG"
"51","P4040708.JPG"
"52","P4040709.JPG"
"53","P4040710.JPG"
"54","P4040711.JPG"
"55","P4040712.JPG"
"56","P4040713.JPG"
"57","P4040714.JPG"
"58","P4040715.JPG"
"59","P4040716.JPG"
"60","P4040717.JPG"
"61","P4040718.JPG"
"62","P4040719.JPG"
"63","P4040720.JPG"
"64","P4040721.JPG"
"65","P4040722.JPG"
"66","P4040723.JPG"
"67","P4040724.JPG"
"68","P4040725.JPG"
"69","P4040726.JPG"
"70","P4040727.JPG"
"71","P4040728.JPG"
"72","P4040729.JPG"
"73","P4040730.JPG"
"74","P4040731.JPG"
"75","P4040732.JPG"
"76","P4040733.JPG"
"77","P4040734.JPG"
"78","P4040735.JPG"
"79","P4040736.JPG"
"80","P4040737.JPG"
"81","P4040738.JPG"
"82","P4040739.JPG"
"83","P4040740.JPG"
"84","P4040741.JPG"
"85","P4040742.JPG"
"86","P4040743.JPG"
"87","P4040744.JPG"
"88","P4040745.JPG"
"89","P4040746.JPG"
"90","P4040747.JPG"
"91","P4040748.JPG"
"92","P4040749.JPG"
"93","P4040750.JPG"
"94","P4040751.JPG"
"95","P4040752.JPG"
"96","P4040753.JPG"
"97","P4040754.JPG"
"98","P4040755.JPG"
"99","P4040756.JPG"
"100","P4040757.JPG"
"101","P4040758.JPG"
"102","P4040759.JPG"
"103","P4040760.JPG"
"104","P4040761.JPG"
"105","P4040762.JPG"
"106","P4040763.JPG"
"107","P4040764.JPG"
"108","P4040765.JPG"
